{
    "constructors": [
        {
            "annotations": [],
            "location": {
                "column": 12,
                "line": 9
            },
            "modifiers": [
                "public"
            ],
            "name": "ApplicationTriggerHandler",
            "parameters": [
                {
                    "name": "newMap",
                    "type": "Map"
                },
                {
                    "name": "oldMap",
                    "type": "Map"
                }
            ],
            "references": [],
            "type": null
        }
    ],
    "externalReferences": [],
    "id": "genesis.ApplicationTriggerHandler",
    "innerClasses": [],
    "interfaces": [],
    "key": "genesis.ApplicationTriggerHandler",
    "methods": [
        {
            "annotations": [],
            "location": {
                "column": 17,
                "line": 17
            },
            "modifiers": [
                "public"
            ],
            "name": "afterInsertHandler",
            "parameters": [],
            "references": [],
            "returnType": "void",
            "type": null
        },
        {
            "annotations": [],
            "location": {
                "column": 17,
                "line": 38
            },
            "modifiers": [
                "public"
            ],
            "name": "afterUpdateHandler",
            "parameters": [],
            "references": [],
            "returnType": "void",
            "type": null
        },
        {
            "annotations": [],
            "location": {
                "column": 18,
                "line": 74
            },
            "modifiers": [
                "private"
            ],
            "name": "createParallelTasksForApplication",
            "parameters": [],
            "references": [],
            "returnType": "void",
            "type": null
        },
        {
            "annotations": [],
            "location": {
                "column": 18,
                "line": 170
            },
            "modifiers": [
                "private"
            ],
            "name": "createPartiesForApplications",
            "parameters": [],
            "references": [],
            "returnType": "void",
            "type": null
        },
        {
            "annotations": [],
            "location": {
                "column": 17,
                "line": 370
            },
            "modifiers": [
                "public"
            ],
            "name": "generateAppDocCatBasedONStatus",
            "parameters": [],
            "references": [],
            "returnType": "void",
            "type": null
        }
    ],
    "name": "ApplicationTriggerHandler",
    "namespace": "genesis",
    "parentClass": "",
    "properties": [
        {
            "annotations": [],
            "location": {
                "column": 38,
                "line": 3
            },
            "modifiers": [
                "private",
                "static"
            ],
            "name": "orgParam",
            "references": [],
            "type": "genesis__Org_Parameters__c"
        },
        {
            "annotations": [],
            "location": {
                "column": 13,
                "line": 4
            },
            "modifiers": [
                "private"
            ],
            "name": "applicationOwnerSet",
            "references": [],
            "type": "Set"
        },
        {
            "annotations": [],
            "location": {
                "column": 27,
                "line": 5
            },
            "modifiers": [
                "private"
            ],
            "name": "generateDocsForApplication",
            "references": [],
            "type": "List"
        },
        {
            "annotations": [],
            "location": {
                "column": 30,
                "line": 6
            },
            "modifiers": [
                "private"
            ],
            "name": "oldMap",
            "references": [],
            "type": "Map"
        },
        {
            "annotations": [],
            "location": {
                "column": 30,
                "line": 7
            },
            "modifiers": [
                "private"
            ],
            "name": "newMap",
            "references": [],
            "type": "Map"
        }
    ],
    "tableDeclaration": {
        "annotations": [],
        "location": {
            "column": 30,
            "line": 1
        },
        "modifiers": [
            "public",
            "without sharing"
        ],
        "name": "ApplicationTriggerHandler",
        "references": [],
        "type": "genesis.ApplicationTriggerHandler"
    },
    "variables": [
        {
            "annotations": [],
            "location": {
                "column": 63,
                "line": 9
            },
            "modifiers": [],
            "name": "newMap",
            "references": [],
            "type": "Map<Id,genesis__Applications__c>"
        },
        {
            "annotations": [],
            "location": {
                "column": 63,
                "line": 10
            },
            "modifiers": [],
            "name": "oldMap",
            "references": [],
            "type": "Map<Id,genesis__Applications__c>"
        },
        {
            "annotations": [],
            "location": {
                "column": 33,
                "line": 19
            },
            "modifiers": [],
            "name": "newApp",
            "references": [],
            "type": "genesis__Applications__c"
        },
        {
            "annotations": [],
            "location": {
                "column": 23,
                "line": 26
            },
            "modifiers": [],
            "name": "sp",
            "references": [],
            "type": "System.Savepoint"
        },
        {
            "annotations": [],
            "location": {
                "column": 29,
                "line": 39
            },
            "modifiers": [],
            "name": "updatedApp",
            "references": [],
            "type": "genesis__Applications__c"
        },
        {
            "annotations": [],
            "location": {
                "column": 20,
                "line": 40
            },
            "modifiers": [],
            "name": "oldStatus",
            "references": [],
            "type": "String"
        },
        {
            "annotations": [],
            "location": {
                "column": 20,
                "line": 49
            },
            "modifiers": [],
            "name": "oldOwnerId",
            "references": [],
            "type": "String"
        },
        {
            "annotations": [],
            "location": {
                "column": 19,
                "line": 54
            },
            "modifiers": [],
            "name": "sp",
            "references": [],
            "type": "System.Savepoint"
        },
        {
            "annotations": [],
            "location": {
                "column": 44,
                "line": 64
            },
            "modifiers": [],
            "name": "docMgmtAction",
            "references": [],
            "type": "genesis.ApplicationDocumentManagement"
        },
        {
            "annotations": [],
            "location": {
                "column": 25,
                "line": 77
            },
            "modifiers": [],
            "name": "query",
            "references": [],
            "type": "String"
        },
        {
            "annotations": [],
            "location": {
                "column": 24,
                "line": 93
            },
            "modifiers": [],
            "name": "whereClause",
            "references": [],
            "type": "String"
        },
        {
            "annotations": [],
            "location": {
                "column": 37,
                "line": 94
            },
            "modifiers": [],
            "name": "newApp",
            "references": [],
            "type": "genesis__Applications__c"
        },
        {
            "annotations": [],
            "location": {
                "column": 62,
                "line": 104
            },
            "modifiers": [],
            "name": "prodDeptTaskSetupList",
            "references": [],
            "type": "List<genesis__ProductDepartment_Task_Junction__c>"
        },
        {
            "annotations": [],
            "location": {
                "column": 32,
                "line": 105
            },
            "modifiers": [],
            "name": "taskList",
            "references": [],
            "type": "List<Task>"
        },
        {
            "annotations": [],
            "location": {
                "column": 59,
                "line": 107
            },
            "modifiers": [],
            "name": "productApplicationMapping",
            "references": [],
            "type": "Map<String,List<genesis__Applications__c>>"
        },
        {
            "annotations": [],
            "location": {
                "column": 30,
                "line": 109
            },
            "modifiers": [],
            "name": "dt",
            "references": [],
            "type": "Date"
        },
        {
            "annotations": [],
            "location": {
                "column": 47,
                "line": 110
            },
            "modifiers": [],
            "name": "appList",
            "references": [],
            "type": "List<genesis__Applications__c>"
        },
        {
            "annotations": [],
            "location": {
                "column": 45,
                "line": 111
            },
            "modifiers": [],
            "name": "newApp",
            "references": [],
            "type": "genesis__Applications__c"
        },
        {
            "annotations": [],
            "location": {
                "column": 39,
                "line": 122
            },
            "modifiers": [],
            "name": "tsu",
            "references": [],
            "type": "genesis__Task_Setup__c"
        },
        {
            "annotations": [],
            "location": {
                "column": 64,
                "line": 123
            },
            "modifiers": [],
            "name": "pdtJn",
            "references": [],
            "type": "genesis__ProductDepartment_Task_Junction__c"
        },
        {
            "annotations": [],
            "location": {
                "column": 49,
                "line": 126
            },
            "modifiers": [],
            "name": "newApp",
            "references": [],
            "type": "genesis__Applications__c"
        },
        {
            "annotations": [],
            "location": {
                "column": 38,
                "line": 173
            },
            "modifiers": [],
            "name": "parties",
            "references": [],
            "type": "List<clcommon__Party__c>"
        },
        {
            "annotations": [],
            "location": {
                "column": 21,
                "line": 174
            },
            "modifiers": [],
            "name": "ownerIds",
            "references": [],
            "type": "Set<Id>"
        },
        {
            "annotations": [],
            "location": {
                "column": 20,
                "line": 175
            },
            "modifiers": [],
            "name": "appId",
            "references": [],
            "type": "Id"
        },
        {
            "annotations": [],
            "location": {
                "column": 25,
                "line": 179
            },
            "modifiers": [],
            "name": "ownerQueueIds",
            "references": [],
            "type": "Set<String>"
        },
        {
            "annotations": [],
            "location": {
                "column": 32,
                "line": 180
            },
            "modifiers": [],
            "name": "partyTypesToBeAdded",
            "references": [],
            "type": "Map<String,String>"
        },
        {
            "annotations": [],
            "location": {
                "column": 26,
                "line": 182
            },
            "modifiers": [],
            "name": "users",
            "references": [],
            "type": "Map<Id,User>"
        },
        {
            "annotations": [],
            "location": {
                "column": 18,
                "line": 185
            },
            "modifiers": [],
            "name": "u",
            "references": [],
            "type": "User"
        },
        {
            "annotations": [],
            "location": {
                "column": 21,
                "line": 186
            },
            "modifiers": [],
            "name": "roleIds",
            "references": [],
            "type": "Set<Id>"
        },
        {
            "annotations": [],
            "location": {
                "column": 20,
                "line": 187
            },
            "modifiers": [],
            "name": "appId",
            "references": [],
            "type": "Id"
        },
        {
            "annotations": [],
            "location": {
                "column": 47,
                "line": 202
            },
            "modifiers": [],
            "name": "partyTypeList",
            "references": [],
            "type": "List<clcommon__Party_Type__c>"
        },
        {
            "annotations": [],
            "location": {
                "column": 49,
                "line": 206
            },
            "modifiers": [],
            "name": "pType",
            "references": [],
            "type": "clcommon__Party_Type__c"
        },
        {
            "annotations": [],
            "location": {
                "column": 28,
                "line": 210
            },
            "modifiers": [],
            "name": "appId",
            "references": [],
            "type": "Id"
        },
        {
            "annotations": [],
            "location": {
                "column": 43,
                "line": 220
            },
            "modifiers": [],
            "name": "results",
            "references": [],
            "type": "List<Database.SaveResult>"
        },
        {
            "annotations": [],
            "location": {
                "column": 50,
                "line": 228
            },
            "modifiers": [],
            "name": "dmList",
            "references": [],
            "type": "List<genesis__Departments_Members__c>"
        },
        {
            "annotations": [],
            "location": {
                "column": 36,
                "line": 233
            },
            "modifiers": [],
            "name": "roleToDeptMapping",
            "references": [],
            "type": "Map<Id,Id>"
        },
        {
            "annotations": [],
            "location": {
                "column": 52,
                "line": 234
            },
            "modifiers": [],
            "name": "dm",
            "references": [],
            "type": "genesis__Departments_Members__c"
        },
        {
            "annotations": [],
            "location": {
                "column": 37,
                "line": 240
            },
            "modifiers": [],
            "name": "whereClause",
            "references": [],
            "type": "Set<String>"
        },
        {
            "annotations": [],
            "location": {
                "column": 32,
                "line": 241
            },
            "modifiers": [],
            "name": "appId",
            "references": [],
            "type": "Id"
        },
        {
            "annotations": [],
            "location": {
                "column": 45,
                "line": 242
            },
            "modifiers": [],
            "name": "temp",
            "references": [],
            "type": "genesis__Applications__c"
        },
        {
            "annotations": [],
            "location": {
                "column": 36,
                "line": 253
            },
            "modifiers": [],
            "name": "query",
            "references": [],
            "type": "String"
        },
        {
            "annotations": [],
            "location": {
                "column": 40,
                "line": 266
            },
            "modifiers": [],
            "name": "wc",
            "references": [],
            "type": "String"
        },
        {
            "annotations": [],
            "location": {
                "column": 70,
                "line": 271
            },
            "modifiers": [],
            "name": "prodDeptTaskSetupList",
            "references": [],
            "type": "List<genesis__ProductDepartment_Task_Junction__c>"
        },
        {
            "annotations": [],
            "location": {
                "column": 65,
                "line": 274
            },
            "modifiers": [],
            "name": "prodDeptToTaskSetupMapping",
            "references": [],
            "type": "Map<String,List<genesis__Task_Setup__c>>"
        },
        {
            "annotations": [],
            "location": {
                "column": 40,
                "line": 276
            },
            "modifiers": [],
            "name": "key",
            "references": [],
            "type": "String"
        },
        {
            "annotations": [],
            "location": {
                "column": 53,
                "line": 277
            },
            "modifiers": [],
            "name": "tempList",
            "references": [],
            "type": "List<genesis__Task_Setup__c>"
        },
        {
            "annotations": [],
            "location": {
                "column": 72,
                "line": 278
            },
            "modifiers": [],
            "name": "pdtJn",
            "references": [],
            "type": "genesis__ProductDepartment_Task_Junction__c"
        },
        {
            "annotations": [],
            "location": {
                "column": 48,
                "line": 290
            },
            "modifiers": [],
            "name": "taskList",
            "references": [],
            "type": "List<Task>"
        },
        {
            "annotations": [],
            "location": {
                "column": 42,
                "line": 291
            },
            "modifiers": [],
            "name": "dt",
            "references": [],
            "type": "Date"
        },
        {
            "annotations": [],
            "location": {
                "column": 44,
                "line": 292
            },
            "modifiers": [],
            "name": "appId",
            "references": [],
            "type": "Id"
        },
        {
            "annotations": [],
            "location": {
                "column": 48,
                "line": 298
            },
            "modifiers": [],
            "name": "deptId",
            "references": [],
            "type": "Id"
        },
        {
            "annotations": [],
            "location": {
                "column": 53,
                "line": 299
            },
            "modifiers": [],
            "name": "setUpIdsToExclude",
            "references": [],
            "type": "Set<Id>"
        },
        {
            "annotations": [],
            "location": {
                "column": 67,
                "line": 305
            },
            "modifiers": [],
            "name": "tsu",
            "references": [],
            "type": "genesis__Task_Setup__c"
        },
        {
            "annotations": [],
            "location": {
                "column": 64,
                "line": 313
            },
            "modifiers": [],
            "name": "existingTaskList",
            "references": [],
            "type": "List<Task>"
        },
        {
            "annotations": [],
            "location": {
                "column": 66,
                "line": 319
            },
            "modifiers": [],
            "name": "t",
            "references": [],
            "type": "Task"
        },
        {
            "annotations": [],
            "location": {
                "column": 67,
                "line": 325
            },
            "modifiers": [],
            "name": "tsu",
            "references": [],
            "type": "genesis__Task_Setup__c"
        },
        {
            "annotations": [],
            "location": {
                "column": 16,
                "line": 371
            },
            "modifiers": [],
            "name": "whereClause",
            "references": [],
            "type": "String"
        },
        {
            "annotations": [],
            "location": {
                "column": 21,
                "line": 372
            },
            "modifiers": [],
            "name": "clauses",
            "references": [],
            "type": "Set<String>"
        },
        {
            "annotations": [],
            "location": {
                "column": 29,
                "line": 374
            },
            "modifiers": [],
            "name": "app",
            "references": [],
            "type": "genesis__Applications__c"
        },
        {
            "annotations": [],
            "location": {
                "column": 16,
                "line": 380
            },
            "modifiers": [],
            "name": "query",
            "references": [],
            "type": "String"
        },
        {
            "annotations": [],
            "location": {
                "column": 29,
                "line": 383
            },
            "modifiers": [],
            "name": "prodStatusToDCMapping",
            "references": [],
            "type": "Map<String,Set<Id>>"
        },
        {
            "annotations": [],
            "location": {
                "column": 24,
                "line": 385
            },
            "modifiers": [],
            "name": "s",
            "references": [],
            "type": "String"
        },
        {
            "annotations": [],
            "location": {
                "column": 61,
                "line": 392
            },
            "modifiers": [],
            "name": "prodDocCatJnList",
            "references": [],
            "type": "List<genesis__Product_Document_Category_Junction__c>"
        },
        {
            "annotations": [],
            "location": {
                "column": 28,
                "line": 394
            },
            "modifiers": [],
            "name": "key",
            "references": [],
            "type": "String"
        },
        {
            "annotations": [],
            "location": {
                "column": 63,
                "line": 395
            },
            "modifiers": [],
            "name": "p",
            "references": [],
            "type": "genesis__Product_Document_Category_Junction__c"
        },
        {
            "annotations": [],
            "location": {
                "column": 33,
                "line": 399
            },
            "modifiers": [],
            "name": "tempList",
            "references": [],
            "type": "Set<Id>"
        },
        {
            "annotations": [],
            "location": {
                "column": 24,
                "line": 408
            },
            "modifiers": [],
            "name": "key",
            "references": [],
            "type": "String"
        },
        {
            "annotations": [],
            "location": {
                "column": 36,
                "line": 409
            },
            "modifiers": [],
            "name": "trAPI",
            "references": [],
            "type": "genesis.TransactionRoomAPI"
        },
        {
            "annotations": [],
            "location": {
                "column": 37,
                "line": 410
            },
            "modifiers": [],
            "name": "app",
            "references": [],
            "type": "genesis__Applications__c"
        }
    ]
}