{
    "constructors": [],
    "externalReferences": [],
    "id": "filegen.CustomException",
    "innerClasses": [],
    "interfaces": [],
    "key": "filegen.CustomException",
    "methods": [],
    "name": "CustomException",
    "namespace": "filegen",
    "parentClass": "Exception",
    "properties": [],
    "tableDeclaration": {
        "annotations": [],
        "location": {
            "column": 14,
            "line": 1
        },
        "modifiers": [
            "public"
        ],
        "name": "CustomException",
        "references": [],
        "type": "filegen.CustomException"
    },
    "variables": []
}