{
    "constructors": [],
    "externalReferences": [],
    "id": "DealerPortalUploadWrapper",
    "innerClasses": [
        {
            "constructors": [],
            "externalReferences": [],
            "id": "cls_documentDetails",
            "innerClasses": [],
            "interfaces": [],
            "key": "cls_documentDetails",
            "methods": [],
            "name": "cls_documentDetails",
            "namespace": null,
            "parentClass": "",
            "properties": [
                {
                    "annotations": [],
                    "location": {
                        "column": 23,
                        "line": 7
                    },
                    "modifiers": [
                        "public"
                    ],
                    "name": "applicantId",
                    "references": [],
                    "type": "String"
                },
                {
                    "annotations": [],
                    "location": {
                        "column": 23,
                        "line": 8
                    },
                    "modifiers": [
                        "public"
                    ],
                    "name": "docType",
                    "references": [],
                    "type": "String"
                },
                {
                    "annotations": [],
                    "location": {
                        "column": 23,
                        "line": 9
                    },
                    "modifiers": [
                        "public"
                    ],
                    "name": "docOriginalName",
                    "references": [],
                    "type": "String"
                },
                {
                    "annotations": [],
                    "location": {
                        "column": 23,
                        "line": 10
                    },
                    "modifiers": [
                        "public"
                    ],
                    "name": "mimeType",
                    "references": [],
                    "type": "String"
                },
                {
                    "annotations": [],
                    "location": {
                        "column": 23,
                        "line": 11
                    },
                    "modifiers": [
                        "public"
                    ],
                    "name": "ext",
                    "references": [],
                    "type": "String"
                },
                {
                    "annotations": [],
                    "location": {
                        "column": 23,
                        "line": 12
                    },
                    "modifiers": [
                        "public"
                    ],
                    "name": "documentString",
                    "references": [],
                    "type": "String"
                }
            ],
            "tableDeclaration": {
                "annotations": [],
                "location": {
                    "column": 18,
                    "line": 6
                },
                "modifiers": [
                    "public"
                ],
                "name": "cls_documentDetails",
                "references": [],
                "type": "cls_documentDetails"
            },
            "variables": []
        }
    ],
    "interfaces": [],
    "key": "DealerPortalUploadWrapper",
    "methods": [],
    "name": "DealerPortalUploadWrapper",
    "namespace": null,
    "parentClass": "",
    "properties": [
        {
            "annotations": [],
            "location": {
                "column": 19,
                "line": 2
            },
            "modifiers": [
                "public"
            ],
            "name": "applicationName",
            "references": [],
            "type": "String"
        },
        {
            "annotations": [],
            "location": {
                "column": 19,
                "line": 3
            },
            "modifiers": [
                "public"
            ],
            "name": "applicationId",
            "references": [],
            "type": "String"
        },
        {
            "annotations": [],
            "location": {
                "column": 34,
                "line": 4
            },
            "modifiers": [
                "public"
            ],
            "name": "documentDetails",
            "references": [],
            "type": "List"
        }
    ],
    "tableDeclaration": {
        "annotations": [],
        "location": {
            "column": 14,
            "line": 1
        },
        "modifiers": [
            "public"
        ],
        "name": "DealerPortalUploadWrapper",
        "references": [],
        "type": "DealerPortalUploadWrapper"
    },
    "variables": []
}