{
    "constructors": [],
    "externalReferences": [],
    "id": "IncomeCaptureService",
    "innerClasses": [
        {
            "constructors": [],
            "externalReferences": [],
            "id": "IncomeRequest",
            "innerClasses": [],
            "interfaces": [],
            "key": "IncomeRequest",
            "methods": [],
            "name": "IncomeRequest",
            "namespace": null,
            "parentClass": "",
            "properties": [
                {
                    "annotations": [],
                    "location": {
                        "column": 23,
                        "line": 3
                    },
                    "modifiers": [
                        "public"
                    ],
                    "name": "applicationId",
                    "references": [],
                    "type": "String"
                },
                {
                    "annotations": [],
                    "location": {
                        "column": 36,
                        "line": 4
                    },
                    "modifiers": [
                        "public"
                    ],
                    "name": "applicants",
                    "references": [],
                    "type": "List"
                }
            ],
            "tableDeclaration": {
                "annotations": [],
                "location": {
                    "column": 18,
                    "line": 2
                },
                "modifiers": [
                    "public"
                ],
                "name": "IncomeRequest",
                "references": [],
                "type": "IncomeRequest"
            },
            "variables": []
        },
        {
            "constructors": [],
            "externalReferences": [],
            "id": "IncomeResponse",
            "innerClasses": [],
            "interfaces": [],
            "key": "IncomeResponse",
            "methods": [],
            "name": "IncomeResponse",
            "namespace": null,
            "parentClass": "",
            "properties": [
                {
                    "annotations": [],
                    "location": {
                        "column": 24,
                        "line": 7
                    },
                    "modifiers": [
                        "public"
                    ],
                    "name": "appId",
                    "references": [],
                    "type": "String"
                },
                {
                    "annotations": [],
                    "location": {
                        "column": 24,
                        "line": 8
                    },
                    "modifiers": [
                        "public"
                    ],
                    "name": "action",
                    "references": [],
                    "type": "String"
                }
            ],
            "tableDeclaration": {
                "annotations": [],
                "location": {
                    "column": 18,
                    "line": 6
                },
                "modifiers": [
                    "public"
                ],
                "name": "IncomeResponse",
                "references": [],
                "type": "IncomeResponse"
            },
            "variables": []
        },
        {
            "constructors": [],
            "externalReferences": [],
            "id": "ApplicantInfo",
            "innerClasses": [],
            "interfaces": [],
            "key": "ApplicantInfo",
            "methods": [],
            "name": "ApplicantInfo",
            "namespace": null,
            "parentClass": "",
            "properties": [
                {
                    "annotations": [],
                    "location": {
                        "column": 24,
                        "line": 12
                    },
                    "modifiers": [
                        "public"
                    ],
                    "name": "applicant",
                    "references": [],
                    "type": "Account"
                },
                {
                    "annotations": [],
                    "location": {
                        "column": 34,
                        "line": 13
                    },
                    "modifiers": [
                        "public"
                    ],
                    "name": "Questionnaire",
                    "references": [],
                    "type": "List"
                }
            ],
            "tableDeclaration": {
                "annotations": [],
                "location": {
                    "column": 18,
                    "line": 11
                },
                "modifiers": [
                    "public"
                ],
                "name": "ApplicantInfo",
                "references": [],
                "type": "ApplicantInfo"
            },
            "variables": []
        }
    ],
    "interfaces": [],
    "key": "IncomeCaptureService",
    "methods": [
        {
            "annotations": [],
            "location": {
                "column": 35,
                "line": 15
            },
            "modifiers": [
                "static",
                "public"
            ],
            "name": "storeIncomeDetails",
            "parameters": [
                {
                    "name": "req",
                    "type": "IncomeRequest"
                }
            ],
            "references": [],
            "returnType": "IncomeResponse",
            "type": null
        },
        {
            "annotations": [],
            "location": {
                "column": 33,
                "line": 55
            },
            "modifiers": [
                "static",
                "public"
            ],
            "name": "parse",
            "parameters": [
                {
                    "name": "obj",
                    "type": "Object"
                }
            ],
            "references": [],
            "returnType": "IncomeRequest",
            "type": null
        }
    ],
    "name": "IncomeCaptureService",
    "namespace": null,
    "parentClass": "",
    "properties": [],
    "tableDeclaration": {
        "annotations": [],
        "location": {
            "column": 14,
            "line": 1
        },
        "modifiers": [
            "public"
        ],
        "name": "IncomeCaptureService",
        "references": [],
        "type": "IncomeCaptureService"
    },
    "variables": [
        {
            "annotations": [],
            "location": {
                "column": 68,
                "line": 15
            },
            "modifiers": [],
            "name": "req",
            "references": [],
            "type": "IncomeCaptureService.IncomeRequest"
        },
        {
            "annotations": [],
            "location": {
                "column": 24,
                "line": 17
            },
            "modifiers": [],
            "name": "AccList",
            "references": [],
            "type": "List<Account>"
        },
        {
            "annotations": [],
            "location": {
                "column": 28,
                "line": 18
            },
            "modifiers": [],
            "name": "QtnList",
            "references": [],
            "type": "List<Question__c>"
        },
        {
            "annotations": [],
            "location": {
                "column": 22,
                "line": 19
            },
            "modifiers": [],
            "name": "financialApplicantIds",
            "references": [],
            "type": "Set<String>"
        },
        {
            "annotations": [],
            "location": {
                "column": 28,
                "line": 20
            },
            "modifiers": [],
            "name": "appInfo",
            "references": [],
            "type": "IncomeCaptureService.ApplicantInfo"
        },
        {
            "annotations": [],
            "location": {
                "column": 32,
                "line": 26
            },
            "modifiers": [],
            "name": "qtn",
            "references": [],
            "type": "Question__c"
        },
        {
            "annotations": [],
            "location": {
                "column": 48,
                "line": 38
            },
            "modifiers": [],
            "name": "parties",
            "references": [],
            "type": "List<genesis__Application_Parties__c>"
        },
        {
            "annotations": [],
            "location": {
                "column": 45,
                "line": 39
            },
            "modifiers": [],
            "name": "party",
            "references": [],
            "type": "genesis__Application_Parties__c"
        },
        {
            "annotations": [],
            "location": {
                "column": 24,
                "line": 50
            },
            "modifiers": [],
            "name": "res",
            "references": [],
            "type": "IncomeCaptureService.IncomeResponse"
        },
        {
            "annotations": [],
            "location": {
                "column": 46,
                "line": 55
            },
            "modifiers": [],
            "name": "obj",
            "references": [],
            "type": "Object"
        },
        {
            "annotations": [],
            "location": {
                "column": 20,
                "line": 56
            },
            "modifiers": [],
            "name": "OppReq",
            "references": [],
            "type": "IncomeCaptureService.IncomeRequest"
        }
    ]
}