{
    "constructors": [
        {
            "annotations": [],
            "location": {
                "column": 12,
                "line": 4
            },
            "modifiers": [
                "public"
            ],
            "name": "LTFS_Portal_Document_View_Class",
            "parameters": [],
            "references": [],
            "type": null
        }
    ],
    "externalReferences": [],
    "id": "LTFS_Portal_Document_View_Class",
    "innerClasses": [],
    "interfaces": [],
    "key": "LTFS_Portal_Document_View_Class",
    "methods": [
        {
            "annotations": [],
            "location": {
                "column": 17,
                "line": 13
            },
            "modifiers": [
                "public"
            ],
            "name": "increaseCodeCoverage",
            "parameters": [],
            "references": [],
            "returnType": "void",
            "type": null
        },
        {
            "annotations": [],
            "location": {
                "column": 17,
                "line": 1216
            },
            "modifiers": [
                "public"
            ],
            "name": "useCodeCoverage",
            "parameters": [],
            "references": [],
            "returnType": "void",
            "type": null
        }
    ],
    "name": "LTFS_Portal_Document_View_Class",
    "namespace": null,
    "parentClass": "",
    "properties": [
        {
            "annotations": [],
            "location": {
                "column": 19,
                "line": 2
            },
            "modifiers": [
                "private"
            ],
            "name": "data",
            "references": [],
            "type": "String"
        },
        {
            "annotations": [],
            "location": {
                "column": 19,
                "line": 3
            },
            "modifiers": [
                "private"
            ],
            "name": "type",
            "references": [],
            "type": "String"
        },
        {
            "annotations": [],
            "location": {
                "column": 17,
                "line": 12
            },
            "modifiers": [
                "private"
            ],
            "name": "i",
            "references": [],
            "type": "Long"
        }
    ],
    "tableDeclaration": {
        "annotations": [],
        "location": {
            "column": 14,
            "line": 1
        },
        "modifiers": [
            "public"
        ],
        "name": "LTFS_Portal_Document_View_Class",
        "references": [],
        "type": "LTFS_Portal_Document_View_Class"
    },
    "variables": []
}