{
    "constructors": [
        {
            "annotations": [],
            "location": {
                "column": 12,
                "line": 16
            },
            "modifiers": [
                "public"
            ],
            "name": "PanCloneBatch",
            "parameters": [],
            "references": [],
            "type": null
        }
    ],
    "externalReferences": [],
    "id": "PanCloneBatch",
    "innerClasses": [],
    "interfaces": [
        "Database.Batchable"
    ],
    "key": "PanCloneBatch",
    "methods": [
        {
            "annotations": [],
            "location": {
                "column": 34,
                "line": 17
            },
            "modifiers": [
                "public"
            ],
            "name": "start",
            "parameters": [
                {
                    "name": "BC",
                    "type": "BatchableContext"
                }
            ],
            "references": [],
            "returnType": "Database.QueryLocator",
            "type": null
        },
        {
            "annotations": [],
            "location": {
                "column": 17,
                "line": 25
            },
            "modifiers": [
                "public"
            ],
            "name": "execute",
            "parameters": [
                {
                    "name": "BC",
                    "type": "BatchableContext"
                },
                {
                    "name": "records",
                    "type": "List"
                }
            ],
            "references": [],
            "returnType": "void",
            "type": null
        },
        {
            "annotations": [],
            "location": {
                "column": 17,
                "line": 38
            },
            "modifiers": [
                "public"
            ],
            "name": "finish",
            "parameters": [
                {
                    "name": "BC",
                    "type": "BatchableContext"
                }
            ],
            "references": [],
            "returnType": "void",
            "type": null
        }
    ],
    "name": "PanCloneBatch",
    "namespace": null,
    "parentClass": "",
    "properties": [
        {
            "annotations": [],
            "location": {
                "column": 12,
                "line": 15
            },
            "modifiers": [
                "private"
            ],
            "name": "query",
            "references": [],
            "type": "String"
        }
    ],
    "tableDeclaration": {
        "annotations": [],
        "location": {
            "column": 14,
            "line": 13
        },
        "modifiers": [
            "global"
        ],
        "name": "PanCloneBatch",
        "references": [],
        "type": "PanCloneBatch"
    },
    "variables": [
        {
            "annotations": [],
            "location": {
                "column": 66,
                "line": 17
            },
            "modifiers": [],
            "name": "BC",
            "references": [],
            "type": "Database.BatchableContext"
        },
        {
            "annotations": [],
            "location": {
                "column": 51,
                "line": 25
            },
            "modifiers": [],
            "name": "BC",
            "references": [],
            "type": "Database.BatchableContext"
        },
        {
            "annotations": [],
            "location": {
                "column": 69,
                "line": 25
            },
            "modifiers": [],
            "name": "records",
            "references": [],
            "type": "List<Account>"
        },
        {
            "annotations": [],
            "location": {
                "column": 17,
                "line": 26
            },
            "modifiers": [],
            "name": "existPan",
            "references": [],
            "type": "Boolean"
        },
        {
            "annotations": [],
            "location": {
                "column": 23,
                "line": 27
            },
            "modifiers": [],
            "name": "panRecords",
            "references": [],
            "type": "List<Account>"
        },
        {
            "annotations": [],
            "location": {
                "column": 21,
                "line": 28
            },
            "modifiers": [],
            "name": "acc",
            "references": [],
            "type": "Account"
        },
        {
            "annotations": [],
            "location": {
                "column": 50,
                "line": 38
            },
            "modifiers": [],
            "name": "BC",
            "references": [],
            "type": "Database.BatchableContext"
        }
    ]
}