{
    "constructors": [],
    "externalReferences": [],
    "id": "TestMCM_Cash_DisbursementMailer",
    "innerClasses": [],
    "interfaces": [],
    "key": "TestMCM_Cash_DisbursementMailer",
    "methods": [
        {
            "annotations": [
                {
                    "name": "IsTest"
                }
            ],
            "location": {
                "column": 24,
                "line": 5
            },
            "modifiers": [
                "static",
                "public",
                "testMethod"
            ],
            "name": "DisbursementMailerTest",
            "parameters": [],
            "references": [],
            "returnType": "void",
            "type": null
        }
    ],
    "name": "TestMCM_Cash_DisbursementMailer",
    "namespace": null,
    "parentClass": "",
    "properties": [],
    "tableDeclaration": {
        "annotations": [
            {
                "name": "IsTest"
            }
        ],
        "location": {
            "column": 14,
            "line": 2
        },
        "modifiers": [
            "public",
            "testMethod"
        ],
        "name": "TestMCM_Cash_DisbursementMailer",
        "references": [],
        "type": "TestMCM_Cash_DisbursementMailer"
    },
    "variables": [
        {
            "annotations": [],
            "location": {
                "column": 23,
                "line": 7
            },
            "modifiers": [],
            "name": "grouplist",
            "references": [],
            "type": "List<Group__c>"
        },
        {
            "annotations": [],
            "location": {
                "column": 18,
                "line": 10
            },
            "modifiers": [],
            "name": "ob",
            "references": [],
            "type": "Group__c"
        },
        {
            "annotations": [],
            "location": {
                "column": 34,
                "line": 13
            },
            "modifiers": [],
            "name": "app",
            "references": [],
            "type": "genesis__Applications__c"
        },
        {
            "annotations": [],
            "location": {
                "column": 35,
                "line": 19
            },
            "modifiers": [],
            "name": "s",
            "references": [],
            "type": "MCM_Cash_DisbursementMailer"
        }
    ]
}